{
    "content_scripts": [
        "modemtest.js", 
        "livenode.js"
    ], 
    "description": "Extra opties voor ANTSWeb (Python)", 
    "creator": "Rein Inze, modified by Jonathan Gevaert", 
    "framework_version": "1.7.3 36447b11bac0", 
    "background_scripts": [
        "main.js"
    ], 
    "homepage_url": "http://ants.inet.telenet.be/", 
    "version": "3.0", 
    "options_page": "options.html", 
    "framework_package_id": "dev", 
    "browser_button": {
        "caption": "AntsCopy Remastered", 
        "tooltipText": "AntsCopy Remastered", 
        "icon": "icons/button.png"
    }, 
    "id": "{0E99FB39-443F-4C9C-81B7-F6D4C1F3C0DD}", 
    "name": "AntsCopy Remastered"
}